{"feature": "DAYS_EMPLOYED", "counts": [16371, 20515, 19091, 18556, 17095, 14653, 13825, 11280, 9861, 9558, 8841, 7837, 7045, 5927, 5218, 4443, 3835, 3658, 3217, 2784, 3157, 2474, 1555, 1544, 1486, 1277, 1200, 1273, 1239, 1002, 1021, 947, 730, 665, 642, 593, 498, 482, 441, 434, 421, 383, 357, 295, 302, 277, 222, 235, 255, 211, 189, 137, 132, 89, 88, 87, 70, 47, 49, 31, 29, 21, 11, 25, 12, 6, 1, 1, 4, 1], "bin_edges": [0.0, 255.88571428571427, 511.77142857142854, 767.6571428571428, 1023.5428571428571, 1279.4285714285713, 1535.3142857142857, 1791.1999999999998, 2047.0857142857142, 2302.9714285714285, 2558.8571428571427, 2814.742857142857, 3070.6285714285714, 3326.5142857142855, 3582.3999999999996, 3838.285714285714, 4094.1714285714284, 4350.057142857143, 4605.942857142857, 4861.828571428571, 5117.714285714285, 5373.599999999999, 5629.485714285714, 5885.371428571429, 6141.257142857143, 6397.142857142857, 6653.028571428571, 6908.914285714285, 7164.799999999999, 7420.685714285714, 7676.571428571428, 7932.457142857143, 8188.342857142857, 8444.228571428572, 8700.114285714286, 8956.0, 9211.885714285714, 9467.771428571428, 9723.657142857142, 9979.542857142857, 10235.42857142857, 10491.314285714285, 10747.199999999999, 11003.085714285713, 11258.971428571427, 11514.857142857143, 11770.742857142857, 12026.628571428571, 12282.514285714286, 12538.4, 12794.285714285714, 13050.171428571428, 13306.057142857142, 13561.942857142856, 13817.82857142857, 14073.714285714284, 14329.599999999999, 14585.485714285713, 14841.371428571429, 15097.257142857143, 15353.142857142857, 15609.028571428571, 15864.914285714285, 16120.8, 16376.685714285713, 16632.571428571428, 16888.457142857143, 17144.342857142856, 17400.22857142857, 17656.114285714284, 17912.0], "median": 1691.0}