{"feature": "EXT_SOURCE_3", "counts": [736, 27, 157, 302, 543, 663, 823, 891, 1091, 1228, 1324, 1503, 1618, 1576, 1859, 1836, 1774, 2219, 2162, 2465, 2495, 2661, 2879, 2835, 2918, 3238, 3418, 3516, 3890, 3409, 3599, 4355, 3809, 3992, 4739, 4597, 4221, 4876, 4235, 4753, 5267, 4917, 5166, 6146, 4774, 5691, 5663, 5778, 5518, 6551, 5757, 5572, 6255, 6057, 5187, 6273, 4435, 5870, 4582, 4162, 3873, 3535, 3074, 2732, 2046, 1671, 762, 692, 94, 30], "bin_edges": [0.0005272652387098, 0.013290819658218041, 0.026054374077726282, 0.03881792849723452, 0.05158148291674276, 0.06434503733625101, 0.07710859175575924, 0.08987214617526748, 0.10263570059477573, 0.11539925501428397, 0.1281628094337922, 0.14092636385330046, 0.15368991827280867, 0.16645347269231692, 0.17921702711182516, 0.1919805815313334, 0.20474413595084165, 0.2175076903703499, 0.23027124478985814, 0.24303479920936638, 0.2557983536288746, 0.2685619080483828, 0.2813254624678911, 0.2940890168873993, 0.3068525713069075, 0.3196161257264158, 0.332379680145924, 0.3451432345654323, 0.3579067889849405, 0.37067034340444877, 0.383433897823957, 0.39619745224346525, 0.40896100666297347, 0.4217245610824817, 0.43448811550198996, 0.4472516699214982, 0.46001522434100645, 0.47277877876051466, 0.48554233318002293, 0.49830588759953115, 0.5110694420190395, 0.5238329964385476, 0.5365965508580559, 0.5493601052775642, 0.5621236596970725, 0.5748872141165806, 0.5876507685360889, 0.6004143229555972, 0.6131778773751053, 0.6259414317946136, 0.6387049862141219, 0.6514685406336301, 0.6642320950531383, 0.6769956494726466, 0.6897592038921548, 0.7025227583116631, 0.7152863127311713, 0.7280498671506795, 0.7408134215701878, 0.753576975989696, 0.7663405304092042, 0.7791040848287125, 0.7918676392482208, 0.804631193667729, 0.8173947480872372, 0.8301583025067455, 0.8429218569262537, 0.8556854113457619, 0.8684489657652702, 0.8812125201847785, 0.8939760746042866], "median": 0.5460231970049609}