{"feature": "EXT_SOURCE_2", "counts": [967, 876, 1030, 994, 996, 1083, 1241, 1305, 1155, 1147, 1277, 1404, 1675, 2816, 1741, 2277, 1895, 1741, 2128, 1867, 2732, 4084, 2440, 2977, 2579, 2637, 2683, 2881, 3041, 3450, 3048, 3155, 3325, 3428, 3663, 3683, 4250, 4213, 4625, 4892, 5231, 5536, 5767, 6098, 6602, 7065, 7436, 7997, 8699, 8658, 9113, 9587, 9635, 10068, 9845, 9672, 9653, 9157, 8156, 7604, 6788, 5623, 4333, 3097, 2079, 916, 181, 9, 0, 26], "bin_edges": [8.173616518884397e-08, 0.012214361517144274, 0.02442864129812336, 0.03664292107910245, 0.04885720086008153, 0.06107148064106061, 0.0732857604220397, 0.08550004020301878, 0.09771431998399786, 0.10992859976497694, 0.12214287954595603, 0.13435715932693512, 0.14657143910791423, 0.1587857188888933, 0.1709999986698724, 0.18321427845085148, 0.19542855823183056, 0.20764283801280964, 0.21985711779378872, 0.2320713975747678, 0.24428567735574688, 0.25649995713672596, 0.268714236917705, 0.2809285166986841, 0.29314279647966324, 0.3053570762606423, 0.3175713560416214, 0.32978563582260045, 0.34199991560357956, 0.3542141953845586, 0.3664284751655377, 0.3786427549465168, 0.3908570347274959, 0.403071314508475, 0.41528559428945405, 0.42749987407043316, 0.4397141538514122, 0.4519284336323913, 0.4641427134133704, 0.4763569931943495, 0.48857127297532854, 0.5007855527563077, 0.5129998325372868, 0.5252141123182659, 0.5374283920992449, 0.549642671880224, 0.5618569516612031, 0.5740712314421822, 0.5862855112231613, 0.5984997910041403, 0.6107140707851194, 0.6229283505660985, 0.6351426303470776, 0.6473569101280566, 0.6595711899090357, 0.6717854696900148, 0.683999749470994, 0.6962140292519731, 0.7084283090329521, 0.7206425888139312, 0.7328568685949103, 0.7450711483758894, 0.7572854281568684, 0.7694997079378475, 0.7817139877188266, 0.7939282674998057, 0.8061425472807848, 0.8183568270617638, 0.8305711068427429, 0.842785386623722, 0.8549996664047012], "median": 0.5738993394370083}