{"feature": "OWN_CAR_AGE", "counts": [6924, 5499, 6050, 8663, 6024, 6989, 10177, 4434, 3860, 3899, 8361, 3294, 3076, 4809, 1694, 1384, 2443, 962, 1047, 778, 971, 480, 359, 546, 183, 115, 313, 115, 65, 86, 142, 51, 37, 38, 11, 4, 2, 6, 1, 3, 1, 12, 4, 1, 0, 0, 0, 0, 2, 2233, 822, 0, 0, 1, 0, 0, 0, 0, 0, 0, 0, 0, 0, 0, 0, 0, 0, 0, 0, 1], "bin_edges": [0.0, 1.3, 2.6, 3.9000000000000004, 5.2, 6.5, 7.800000000000001, 9.1, 10.4, 11.700000000000001, 13.0, 14.3, 15.600000000000001, 16.900000000000002, 18.2, 19.5, 20.8, 22.1, 23.400000000000002, 24.7, 26.0, 27.3, 28.6, 29.900000000000002, 31.200000000000003, 32.5, 33.800000000000004, 35.1, 36.4, 37.7, 39.0, 40.300000000000004, 41.6, 42.9, 44.2, 45.5, 46.800000000000004, 48.1, 49.4, 50.7, 52.0, 53.300000000000004, 54.6, 55.9, 57.2, 58.5, 59.800000000000004, 61.1, 62.400000000000006, 63.7, 65.0, 66.3, 67.60000000000001, 68.9, 70.2, 71.5, 72.8, 74.10000000000001, 75.4, 76.7, 78.0, 79.3, 80.60000000000001, 81.9, 83.2, 84.5, 85.8, 87.10000000000001, 88.4, 89.7, 91.0], "median": 9.0}